index,Nat,Skater,JGP,CS,GP,Ch,WD,Mean Event Total,Mean Event BV,Mean Event TES,Mean Event PCS,Mean Jump,Mean Spin,Mean Step Seq,Mean Chor Seq,Mean CO,Mean PR,Mean SS
1,ðŸ‡ºðŸ‡¸,Ilia Malinin 1,0,1,3,0,0,299.15n=4,146.12n=4,165.60n=4,134.05n=4,12.73n=40,3.87n=24,5.03n=8,5.02n=4,8.98n=8,9.00n=8,8.93n=8
2,ðŸ‡¯ðŸ‡µ,Yuma Kagiyama 3,0,1,3,0,0,284.12n=4,128.88n=4,150.62n=4,134.00n=4,11.24n=40,3.87n=24,5.21n=8,4.62n=4,8.91n=8,8.89n=8,9.07n=8
3,ðŸ‡¯ðŸ‡µ,Shun Sato 4,0,1,3,0,0,274.08n=4,133.22n=4,150.36n=4,124.98n=4,11.62n=40,3.62n=24,4.19n=8,4.02n=4,8.37n=8,8.22n=8,8.49n=8
4,ðŸ‡«ðŸ‡·,KÃ©vin Aymoz 11,0,0,3,0,0,260.22n=3,113.03n=3,128.77n=3,132.78n=3,8.83n=30,4.18n=18,5.17n=6,5.09n=3,8.86n=6,8.90n=6,8.71n=6
5,ðŸ‡«ðŸ‡·,Adam Siao Him Fa 2,0,1,2,0,0,257.16n=3,122.84n=3,133.07n=3,125.43n=3,9.73n=30,3.61n=18,4.72n=6,4.69n=3,8.37n=6,8.29n=6,8.39n=6
6,ðŸ‡®ðŸ‡¹,Daniel Grassl 16,0,2,3,0,0,256.63n=5,129.14n=5,138.81n=5,118.82n=5,10.31n=50,3.82n=30,4.39n=10,3.99n=5,7.96n=10,7.88n=10,7.84n=10
7,ðŸ‡¯ðŸ‡µ,Sota Yamamoto 10,0,1,2,0,0,256.54n=3,124.77n=3,136.07n=3,121.47n=3,10.01n=30,3.76n=18,4.58n=6,4.28n=3,7.91n=6,8.02n=6,8.29n=6
8,ðŸ‡°ðŸ‡¿,Mikhail Shaidorov 7,0,1,3,0,0,256.03n=4,134.86n=4,141.70n=4,115.32n=4,11.15n=40,3.18n=24,4.03n=8,3.02n=4,7.69n=8,7.68n=8,7.72n=8
9,ðŸ‡¯ðŸ‡µ,Tatsuya Tsuboi 41,0,0,1,0,0,251.52n=1,119.65n=1,137.75n=1,113.77n=1,10.42n=10,3.68n=6,3.75n=2,4.00n=1,7.34n=2,7.40n=2,7.80n=2
10,ðŸ‡¯ðŸ‡µ,Kao Miura 5,0,1,2,0,0,251.27n=3,112.87n=3,126.16n=3,125.78n=3,9.11n=30,3.64n=18,4.52n=6,4.18n=3,8.37n=6,8.31n=6,8.54n=6
11,ðŸ‡®ðŸ‡¹,Matteo Rizzo 8,0,1,2,0,0,245.88n=3,115.28n=3,124.31n=3,122.24n=3,8.98n=30,3.49n=18,4.77n=6,4.02n=3,8.10n=6,8.16n=6,8.15n=6
12,ðŸ‡°ðŸ‡·,Junhwan Cha 9,0,1,1,0,1,244.40n=2,112.52n=2,121.36n=2,124.04n=2,8.30n=23,3.82n=15,4.82n=5,4.46n=2,8.18n=4,8.07n=4,8.28n=4
13,ðŸ‡±ðŸ‡»,Deniss Vasiljevs 13,0,1,2,0,0,240.62n=3,105.95n=3,117.77n=3,123.19n=3,7.94n=30,4.14n=18,4.55n=6,4.46n=3,8.18n=6,8.30n=6,8.12n=6
14,ðŸ‡¬ðŸ‡ª,Nika Egadze 12,0,3,2,0,0,240.14n=5,129.99n=5,130.74n=5,110.60n=5,10.00n=50,3.29n=30,3.94n=10,3.08n=5,7.38n=10,7.29n=10,7.47n=10
15,ðŸ‡¨ðŸ‡³,Daiwei Dai 74,0,0,1,0,0,237.35n=1,121.33n=1,129.83n=1,109.52n=1,9.53n=10,3.80n=6,4.20n=2,3.29n=1,7.30n=2,7.09n=2,7.43n=2
16,ðŸ‡¯ðŸ‡µ,Kazuki Tomono 19,0,0,2,0,0,234.94n=2,107.97n=2,114.32n=2,122.12n=2,8.11n=20,3.24n=12,4.98n=4,3.86n=2,8.09n=4,8.18n=4,8.22n=4
17,ðŸ‡¨ðŸ‡­,Lukas Britschgi 6,0,2,2,0,0,232.72n=4,108.06n=4,115.14n=4,119.32n=4,7.84n=40,3.94n=24,4.70n=8,3.66n=4,7.96n=8,7.99n=8,8.00n=8
18,ðŸ‡ºðŸ‡¸,Andrew Torgashev 24,0,2,2,0,0,228.20n=4,108.12n=4,115.55n=4,113.16n=4,8.19n=40,3.48n=24,4.31n=8,4.13n=4,7.42n=8,7.44n=8,7.70n=8
19,ðŸ‡®ðŸ‡¹,Gabriele Frangipani 15,0,2,2,0,0,228.11n=4,119.52n=4,115.56n=4,113.30n=4,8.33n=40,3.28n=24,4.20n=8,4.14n=4,7.58n=8,7.59n=8,7.50n=8
20,ðŸ‡ªðŸ‡ª,Mihhail Selevko 46,0,3,0,0,0,226.92n=3,106.08n=3,112.21n=3,116.37n=3,7.62n=30,3.79n=18,4.61n=6,4.10n=3,7.83n=6,7.76n=6,7.72n=6
21,ðŸ‡¯ðŸ‡µ,Koshiro Shimada 27,0,0,2,0,0,226.76n=2,115.25n=2,114.19n=2,114.57n=2,7.99n=20,3.64n=12,4.17n=4,4.14n=2,7.69n=4,7.59n=4,7.69n=4
22,ðŸ‡ºðŸ‡¸,Lucas Broussard 56,0,1,1,0,0,226.52n=2,103.74n=2,114.82n=2,113.21n=2,8.40n=20,3.15n=12,3.74n=4,4.46n=2,7.56n=4,7.46n=4,7.54n=4
23,ðŸ‡ºðŸ‡¸,Jacob Sanchez 33,3,1,0,0,0,225.67n=4,104.84n=4,114.99n=4,111.18n=4,8.38n=40,3.69n=24,4.45n=5,3.49n=4,7.39n=8,7.42n=8,7.45n=8
24,ðŸ‡¨ðŸ‡³,Boyang Jin 20,0,0,2,0,0,225.47n=2,113.70n=2,114.43n=2,111.54n=2,8.09n=20,3.69n=12,3.91n=4,3.57n=2,7.42n=4,7.38n=4,7.70n=4
25,ðŸ‡ºðŸ‡¸,Jimmy Ma 47,0,3,0,0,0,225.30n=3,118.21n=3,117.44n=3,108.86n=3,8.58n=30,3.33n=18,3.97n=6,3.70n=3,7.15n=6,7.31n=6,7.28n=6
26,ðŸ‡®ðŸ‡¹,Nikolaj Memola 14,0,1,2,0,0,225.27n=3,116.12n=3,116.01n=3,110.26n=3,8.57n=30,3.06n=18,4.00n=6,3.97n=3,7.27n=6,7.39n=6,7.36n=6
27,ðŸ‡ºðŸ‡¸,Jason Brown 21,0,0,2,0,0,223.92n=2,92.25n=2,97.64n=2,127.78n=2,5.65n=20,4.26n=12,5.39n=4,4.78n=2,8.54n=4,8.52n=4,8.52n=4
28,ðŸ‡¯ðŸ‡µ,Rio Nakata 32,3,0,0,0,0,222.52n=3,98.48n=3,109.69n=3,113.16n=3,8.03n=30,3.47n=18,4.29n=3,4.26n=3,7.59n=6,7.48n=6,7.62n=6
29,ðŸ‡¨ðŸ‡¦,Roman Sadovsky 43,0,3,0,0,1,220.70n=3,110.82n=3,106.53n=3,115.50n=3,6.90n=33,3.76n=21,4.17n=7,3.47n=3,7.62n=6,7.61n=6,7.71n=6
30,ðŸ‡¦ðŸ‡¿,Vladimir Litvintsev 21,0,2,2,0,0,219.59n=4,114.50n=4,118.44n=4,101.91n=4,8.96n=40,3.25n=24,3.26n=8,2.79n=4,6.65n=8,6.82n=8,7.14n=8
31,ðŸ‡¸ðŸ‡°,Adam Hagara 18,2,1,0,0,0,218.75n=3,104.31n=3,114.34n=3,105.08n=3,8.42n=30,3.53n=18,3.92n=4,3.72n=3,7.02n=6,6.95n=6,7.06n=6
32,ðŸ‡ªðŸ‡ª,Aleksandr Selevko 17,0,3,2,0,0,218.55n=5,105.48n=5,104.10n=5,117.25n=5,6.86n=50,3.56n=30,4.85n=10,4.43n=5,7.89n=10,7.83n=10,7.79n=10
33,ðŸ‡°ðŸ‡·,Hyungyeom Kim 29,0,1,1,0,0,217.03n=2,114.27n=2,115.92n=2,101.62n=2,8.21n=21,3.19n=12,3.40n=4,3.75n=2,6.77n=4,6.72n=4,6.95n=4
34,ðŸ‡¦ðŸ‡²,Semen Daniliants 76,0,1,0,0,0,216.89n=1,117.37n=1,117.98n=1,98.91n=1,8.90n=10,2.97n=6,3.76n=2,3.60n=1,6.60n=2,6.50n=2,6.62n=2
35,ðŸ‡¨ðŸ‡¦,Stephen Gogolev 59,0,0,1,0,0,216.84n=1,111.43n=1,112.48n=1,107.36n=1,8.18n=10,3.28n=6,3.86n=2,3.29n=1,7.30n=2,7.00n=2,7.26n=2
36,ðŸ‡¯ðŸ‡µ,Nozomu Yoshioka 25,0,0,1,0,0,215.92n=1,108.26n=1,109.12n=1,106.80n=1,8.19n=10,2.92n=6,3.27n=2,3.14n=1,7.11n=2,7.00n=2,7.32n=2
37,ðŸ‡¸ðŸ‡ª,Andreas NordebÃ¤ck 39,0,2,0,0,0,215.48n=2,104.80n=2,109.52n=2,106.96n=2,7.57n=20,3.63n=12,4.13n=4,3.80n=2,7.14n=4,7.13n=4,7.10n=4
38,ðŸ‡«ðŸ‡·,Luc Economides 37,0,2,2,0,0,214.58n=4,100.56n=4,102.87n=4,112.46n=4,6.85n=40,3.52n=24,4.62n=8,4.06n=4,7.47n=8,7.67n=8,7.38n=8
39,ðŸ‡°ðŸ‡·,Minkyu Seo 34,3,0,0,0,0,214.26n=3,99.12n=3,107.70n=3,107.90n=3,7.66n=30,3.72n=18,4.38n=3,4.40n=3,7.03n=6,7.11n=6,7.26n=6
40,ðŸ‡ºðŸ‡¦,Ivan Shmuratko 45,0,3,0,0,0,213.39n=3,101.07n=3,105.90n=3,107.49n=3,7.28n=30,3.63n=18,3.86n=6,3.58n=3,7.08n=6,7.46n=6,7.01n=6
41,ðŸ‡³ðŸ‡¿,Yanhao Dwayne Li 49,3,0,0,0,0,212.72n=3,103.03n=3,106.93n=3,107.80n=3,7.64n=30,3.74n=18,4.27n=3,3.86n=3,7.16n=6,7.10n=6,7.35n=6
42,ðŸ‡®ðŸ‡±,Lev Vinokur 68,0,3,0,0,0,212.17n=3,117.54n=3,113.97n=3,98.20n=3,8.67n=30,2.95n=18,3.33n=6,2.90n=3,6.48n=6,6.60n=6,6.60n=6
43,ðŸ‡°ðŸ‡·,Jaekeun Lee 66,2,0,0,0,0,210.86n=2,99.67n=2,109.24n=2,102.11n=2,7.90n=20,3.83n=12,3.52n=2,3.72n=2,6.75n=4,6.70n=4,6.87n=4
44,ðŸ‡¯ðŸ‡µ,Sena Takahashi 98,3,0,0,0,0,210.83n=3,96.73n=3,105.99n=3,105.17n=3,7.62n=30,3.58n=18,4.26n=3,4.05n=3,6.92n=6,6.96n=6,7.24n=6
45,ðŸ‡ºðŸ‡¸,Joseph Klein 129,0,1,0,0,0,210.79n=1,99.09n=1,103.42n=1,107.37n=1,7.06n=10,3.57n=6,3.46n=2,4.50n=1,7.02n=2,7.08n=2,7.05n=2
46,ðŸ‡®ðŸ‡±,Mark Gorodnitsky 30,0,2,2,0,0,210.58n=4,100.90n=4,106.73n=4,104.09n=4,7.55n=40,3.31n=24,3.82n=8,3.74n=4,6.89n=8,6.86n=8,7.04n=8
47,ðŸ‡¨ðŸ‡¦,Aleksa Rakic 44,0,1,1,0,0,210.48n=2,107.25n=2,106.15n=2,104.83n=2,7.28n=20,3.58n=12,3.99n=4,3.90n=2,7.02n=4,6.92n=4,6.99n=4
48,ðŸ‡ªðŸ‡¸,TomÃ¡s Guarino SabatÃ© 55,0,2,0,0,0,209.44n=2,104.16n=2,104.52n=2,105.42n=2,7.33n=20,3.15n=12,4.23n=4,3.90n=2,7.00n=4,7.32n=4,6.66n=4
49,ðŸ‡¨ðŸ‡³,Tonghe Tian 88,2,0,0,0,0,209.17n=2,90.42n=2,104.15n=2,105.52n=2,7.32n=20,3.80n=12,4.12n=2,3.96n=2,6.88n=4,7.08n=4,6.98n=4
50,ðŸ‡¯ðŸ‡µ,Shunsuke Nakamura 48,2,0,0,0,0,209.11n=2,98.67n=2,104.52n=2,105.10n=2,7.46n=20,3.52n=12,4.71n=2,4.10n=2,6.91n=4,6.88n=4,7.15n=4
51,ðŸ‡®ðŸ‡¹,Corey Circelli 90,0,2,0,0,0,209.08n=2,100.37n=2,104.36n=2,104.71n=2,6.93n=20,3.56n=12,4.82n=4,4.10n=2,6.75n=4,7.10n=4,6.92n=4
52,ðŸ‡ºðŸ‡¸,Patrick Blackwell 128,2,0,0,0,0,209.02n=2,105.34n=2,108.57n=2,101.94n=2,8.11n=20,3.30n=12,3.44n=2,4.25n=2,6.72n=4,6.66n=4,6.75n=4
53,ðŸ‡ºðŸ‡¸,Yaroslav Paniot 201,0,1,0,0,0,206.59n=1,103.66n=1,104.51n=1,102.08n=1,7.78n=10,3.14n=6,3.92n=2,0.00n=1,6.65n=2,6.82n=2,7.00n=2
54,ðŸ‡°ðŸ‡·,Sihyeong Lee 42,0,1,0,0,0,206.28n=1,110.02n=1,100.82n=1,108.46n=1,6.64n=10,3.76n=6,4.06n=2,3.79n=1,7.18n=2,7.22n=2,7.34n=2
55,ðŸ‡°ðŸ‡·,Juheon Lim 51,0,1,1,0,0,205.80n=2,103.77n=2,102.37n=2,105.42n=2,6.90n=20,3.57n=12,3.98n=4,3.98n=2,6.95n=4,6.90n=4,7.16n=4
56,ðŸ‡µðŸ‡±,Vladimir Samoilov 31,0,3,1,0,0,205.52n=4,99.69n=4,100.80n=4,105.72n=4,7.17n=40,3.01n=24,3.62n=8,3.77n=4,6.86n=8,6.96n=8,7.23n=8
57,ðŸ‡ªðŸ‡ª,Arlet Levandi 28,2,3,0,0,0,205.37n=5,97.49n=5,97.42n=5,109.15n=5,6.27n=50,3.82n=30,4.63n=8,4.42n=5,7.32n=10,7.33n=10,7.08n=10
58,ðŸ‡ºðŸ‡¸,Camden Pulkinen 26,0,1,2,0,0,205.25n=3,94.41n=3,96.15n=3,110.10n=3,6.49n=30,3.19n=18,4.27n=6,3.59n=3,7.26n=6,7.34n=6,7.54n=6
59,ðŸ‡ºðŸ‡¸,Tomoki Hiwatashi 71,0,2,1,0,0,203.27n=3,108.96n=3,104.17n=3,101.76n=3,7.42n=30,3.13n=18,3.96n=6,3.24n=3,6.74n=6,6.90n=6,7.01n=6
60,ðŸ‡ºðŸ‡¸,Maxim Naumov 53,0,2,1,0,0,203.12n=3,107.38n=3,99.78n=3,104.67n=3,6.65n=30,3.53n=18,4.08n=6,3.92n=3,6.96n=6,7.01n=6,7.10n=6
61,ðŸ‡ºðŸ‡¸,Goku Endo 99,0,1,0,0,0,203.03n=1,94.28n=1,95.53n=1,107.50n=1,6.20n=10,3.71n=6,3.66n=2,4.00n=1,7.22n=2,6.98n=2,7.22n=2
62,ðŸ‡®ðŸ‡±,Tamir Kuperman 54,2,0,0,0,0,202.92n=2,100.01n=2,106.31n=2,97.12n=2,7.91n=20,3.30n=12,3.58n=2,3.78n=2,6.35n=4,6.47n=4,6.63n=4
63,ðŸ‡¯ðŸ‡µ,Daiya Ebihara 91,1,0,0,0,0,202.78n=1,96.93n=1,104.47n=1,98.31n=1,7.57n=10,3.52n=6,4.01n=1,3.64n=1,6.46n=2,6.42n=2,6.78n=2
64,ðŸ‡ºðŸ‡¸,Liam Kapeikis 64,0,2,0,0,0,202.78n=2,101.59n=2,99.58n=2,105.71n=2,6.80n=20,3.34n=12,3.77n=4,4.05n=2,7.07n=4,6.92n=4,7.11n=4
65,ðŸ‡¯ðŸ‡µ,Haru Kakiuchi 82,2,0,0,0,0,201.94n=2,96.61n=2,101.44n=2,101.00n=2,7.12n=20,3.68n=12,4.42n=2,3.72n=2,6.57n=4,6.69n=4,6.86n=4
66,ðŸ‡«ðŸ‡·,Francois Pitot 23,0,2,2,0,0,201.72n=4,103.00n=4,98.82n=4,104.65n=4,7.02n=40,3.16n=24,3.55n=8,2.55n=4,6.95n=8,6.91n=8,7.04n=8
67,ðŸ‡¬ðŸ‡§,Edward Appleby 40,0,2,0,0,0,200.72n=2,97.58n=2,101.44n=2,99.29n=2,7.40n=20,2.85n=12,3.31n=4,3.65n=2,6.58n=4,6.64n=4,6.61n=4
68,ðŸ‡¯ðŸ‡µ,Taiga Nishino 156,1,0,0,0,0,200.23n=1,106.53n=1,104.16n=1,99.07n=1,7.68n=10,3.76n=6,4.20n=1,0.64n=1,6.46n=2,6.60n=2,6.93n=2
69,ðŸ‡¦ðŸ‡¹,Maurizio ZandrÃ³n 38,0,2,0,0,0,200.22n=2,105.28n=2,102.09n=2,98.63n=2,7.12n=20,3.28n=12,3.88n=4,3.45n=2,6.60n=4,6.65n=4,6.46n=4
70,ðŸ‡©ðŸ‡ª,Genrikh Gartung 108,2,0,0,0,0,200.10n=2,107.67n=2,109.86n=2,91.24n=2,8.69n=20,2.77n=12,2.90n=2,3.43n=2,5.85n=4,5.91n=4,6.19n=4
71,ðŸ‡ºðŸ‡¦,Kyrylo Marsak 58,0,3,0,0,0,199.81n=3,103.26n=3,102.01n=3,98.46n=3,7.41n=30,2.90n=18,3.46n=6,3.60n=3,6.46n=6,6.43n=6,6.64n=6
72,ðŸ‡µðŸ‡±,Kornel Witkowski 84,0,3,0,0,0,199.30n=3,91.49n=3,93.52n=3,107.44n=3,6.27n=30,3.03n=18,4.13n=6,4.40n=3,7.14n=6,7.14n=6,7.07n=6
73,ðŸ‡ºðŸ‡¸,Michael Xie 94,0,1,0,0,0,198.73n=1,99.99n=1,101.55n=1,98.18n=1,6.75n=10,3.79n=6,3.77n=2,3.80n=1,6.60n=2,6.45n=2,6.85n=2
74,ðŸ‡¨ðŸ‡¦,Wesley Chiu 35,0,1,1,0,0,198.36n=2,93.16n=2,95.35n=2,103.00n=2,6.40n=20,3.30n=12,4.05n=4,3.46n=2,6.89n=4,6.79n=4,7.13n=4
75,ðŸ‡°ðŸ‡·,Hangil Kim 92,0,1,0,0,0,198.33n=1,97.22n=1,98.41n=1,100.92n=1,6.67n=10,3.22n=6,4.00n=2,4.40n=1,6.52n=2,6.82n=2,6.88n=2
76,ðŸ‡®ðŸ‡±,Nikita Sheiko 78,2,0,0,0,0,198.03n=2,100.86n=2,99.18n=2,101.34n=2,6.91n=20,3.47n=12,5.07n=2,4.14n=2,6.83n=4,6.80n=4,6.70n=4
77,ðŸ‡°ðŸ‡·,Habin Choi 116,2,0,0,0,0,197.59n=2,101.74n=2,101.22n=2,99.36n=2,7.44n=20,3.13n=12,4.26n=2,3.75n=2,6.50n=4,6.46n=4,6.96n=4
78,ðŸ‡ºðŸ‡¸,Taira Shinohara 152,1,0,0,0,0,197.53n=1,104.54n=1,99.19n=1,100.34n=1,6.82n=10,3.86n=6,3.91n=1,3.93n=1,6.73n=2,6.68n=2,6.70n=2
79,ðŸ‡©ðŸ‡ª,Nikita Starostin 36,0,3,0,0,0,197.24n=3,106.50n=3,99.75n=3,98.83n=3,6.71n=30,3.45n=18,4.20n=6,3.53n=3,6.58n=6,6.60n=6,6.46n=6
80,ðŸ‡ºðŸ‡¸,Daniel Martynov 50,0,3,0,0,0,196.67n=3,96.59n=3,93.16n=3,104.18n=3,6.62n=30,2.67n=18,3.70n=6,3.47n=3,7.01n=6,6.83n=6,6.99n=6
81,ðŸ‡²ðŸ‡½,Donovan Carrillo 79,0,0,1,0,0,195.80n=1,97.17n=1,89.77n=1,107.03n=1,6.20n=10,3.11n=6,3.04n=2,3.07n=1,7.16n=2,7.34n=2,7.10n=2
82,ðŸ‡¨ðŸ‡¦,David Bondar 132,2,0,0,0,0,192.97n=2,101.38n=2,98.48n=2,95.00n=2,7.33n=20,3.01n=12,3.25n=2,3.93n=2,6.37n=4,6.20n=4,6.35n=4
83,ðŸ‡«ðŸ‡·,Corentin Spinar 81,0,1,0,0,0,192.62n=1,98.59n=1,96.00n=1,97.62n=1,6.50n=10,3.38n=6,3.77n=2,3.21n=1,6.40n=2,6.50n=2,6.52n=2
84,ðŸ‡¸ðŸ‡°,Lukas Vaclavik 62,3,1,0,0,0,192.26n=4,91.88n=4,93.34n=4,100.16n=4,6.82n=40,2.75n=24,4.07n=5,3.50n=4,6.75n=8,6.63n=8,6.69n=8
85,ðŸ‡­ðŸ‡·,Jari Kessler 118,0,1,0,0,0,191.73n=1,82.36n=1,85.56n=1,106.17n=1,5.11n=10,3.52n=6,4.48n=2,4.40n=1,7.20n=2,7.20n=2,6.88n=2
86,ðŸ‡¹ðŸ‡¼,Yu-Hsiang Li 69,0,3,0,0,0,191.37n=3,102.77n=3,101.27n=3,91.44n=3,7.15n=30,3.22n=18,3.43n=6,3.60n=3,5.92n=6,6.15n=6,6.13n=6
87,ðŸ‡¬ðŸ‡§,Lloyd Thomson 168,1,0,0,0,0,190.56n=1,90.36n=1,99.19n=1,91.37n=1,7.26n=10,3.14n=6,3.91n=1,3.79n=1,6.25n=2,6.16n=2,5.88n=2
88,ðŸ‡¨ðŸ‡­,Ean Weiler 114,2,0,0,0,0,190.42n=2,87.40n=2,91.20n=2,99.73n=2,6.36n=20,3.12n=12,4.60n=2,4.21n=2,6.68n=4,6.62n=4,6.58n=4
89,ðŸ‡ºðŸ‡¸,Aleksandr Fegan 122,1,0,0,0,0,190.07n=1,88.14n=1,94.64n=1,95.43n=1,6.71n=10,3.11n=6,4.79n=1,4.07n=1,6.42n=2,6.30n=2,6.18n=2
90,ðŸ‡°ðŸ‡µ,Yongmyong Ro,0,2,0,0,0,190.04n=2,107.76n=2,101.54n=2,91.00n=2,7.33n=20,3.21n=12,2.89n=4,3.20n=2,5.85n=4,5.91n=4,6.41n=4
91,ðŸ‡®ðŸ‡¹,Raffaele Francesco Zich 104,1,1,0,0,0,189.56n=2,94.42n=2,91.32n=2,98.73n=2,6.21n=20,3.23n=12,3.86n=3,4.00n=2,6.49n=4,6.56n=4,6.56n=4
92,ðŸ‡¨ðŸ‡¦,Grayson Long 106,2,0,0,0,0,188.64n=2,83.85n=2,87.40n=2,101.25n=2,5.77n=20,3.46n=12,4.58n=2,4.32n=2,6.76n=4,6.74n=4,6.66n=4
93,ðŸ‡¨ðŸ‡¦,Anthony Paradis 93,2,0,0,0,0,188.49n=2,82.72n=2,82.35n=2,106.64n=2,5.04n=20,3.93n=12,4.01n=2,4.43n=2,7.30n=4,7.25n=4,6.88n=4
94,ðŸ‡¨ðŸ‡¿,Georgiy Reshtenko 60,0,2,0,0,0,185.70n=2,95.09n=2,88.03n=2,98.68n=2,6.18n=20,2.66n=12,3.31n=4,3.65n=2,6.65n=4,6.54n=4,6.88n=4
95,ðŸ‡°ðŸ‡·,Younghyun Cha 72,0,1,0,0,0,184.98n=1,91.79n=1,90.28n=1,94.70n=1,6.11n=10,3.11n=6,3.43n=2,3.64n=1,6.42n=2,6.18n=2,6.62n=2
96,ðŸ‡«ðŸ‡·,Samy Hammi 80,0,2,0,0,0,183.72n=2,91.54n=2,86.76n=2,98.46n=2,5.50n=20,3.37n=12,3.95n=4,3.64n=2,6.63n=4,6.54n=4,6.58n=4
97,ðŸ‡«ðŸ‡·,Xavier Vauclin 131,0,2,0,0,0,183.14n=2,82.54n=2,80.88n=2,103.76n=2,4.69n=20,3.79n=12,3.88n=4,3.44n=2,6.82n=4,7.01n=4,7.08n=4
98,ðŸ‡­ðŸ‡°,Jiarui Li 162,1,0,0,0,0,182.99n=1,87.10n=1,90.94n=1,92.05n=1,6.19n=10,3.84n=6,2.93n=1,3.00n=1,5.98n=2,6.00n=2,6.30n=2
99,ðŸ‡¨ðŸ‡³,Yudong Chen 61,0,0,1,0,0,182.60n=1,97.25n=1,88.13n=1,96.47n=1,5.78n=10,3.46n=6,2.96n=2,3.71n=1,6.42n=2,6.42n=2,6.86n=2
100,ðŸ‡¨ðŸ‡³,Qihan Zhao 209,1,0,0,0,0,182.56n=1,86.31n=1,89.59n=1,93.97n=1,6.44n=10,3.27n=6,1.45n=1,4.07n=1,6.18n=2,6.34n=2,6.26n=2
101,ðŸ‡°ðŸ‡¿,Dias Jirenbayev 67,0,3,0,0,0,181.54n=3,77.07n=3,81.20n=3,101.34n=3,4.92n=30,3.33n=18,4.09n=6,3.87n=3,6.83n=6,6.78n=6,6.70n=6
102,ðŸ‡«ðŸ‡®,Valtter Virtanen 77,0,2,1,0,0,179.80n=3,83.25n=3,80.62n=3,100.19n=3,4.98n=30,3.21n=18,3.84n=6,3.91n=3,6.82n=6,6.58n=6,6.74n=6
103,ðŸ‡¨ðŸ‡¦,William Chan 180,1,0,0,0,0,178.93n=1,85.84n=1,85.68n=1,94.25n=1,6.06n=10,3.04n=6,3.03n=1,3.86n=1,6.23n=2,6.16n=2,6.38n=2
104,ðŸ‡­ðŸ‡º,Aleksandr Vlasenko 63,0,2,0,0,0,178.09n=2,88.95n=2,87.38n=2,91.21n=2,5.86n=20,2.96n=12,3.78n=4,3.50n=2,6.01n=4,6.08n=4,6.08n=4
105,ðŸ‡²ðŸ‡¨,Davide Lewton Brain 73,0,2,0,0,0,177.95n=2,79.72n=2,79.83n=2,99.12n=2,4.72n=20,3.53n=12,3.85n=4,3.78n=2,6.78n=4,6.49n=4,6.73n=4
106,ðŸ‡±ðŸ‡¹,Luka Imedashvili 135,2,0,0,0,0,177.06n=2,79.72n=2,84.68n=2,92.89n=2,6.11n=20,2.66n=12,3.84n=2,3.75n=2,6.20n=4,6.19n=4,6.02n=4
107,ðŸ‡®ðŸ‡¹,Matteo Nalbone 123,0,3,0,0,0,176.26n=3,101.68n=3,92.70n=3,85.23n=3,6.66n=30,2.83n=18,3.22n=6,2.67n=3,5.66n=6,5.50n=6,6.10n=6
108,ðŸ‡¨ðŸ‡¦,John Kim 156,2,0,0,0,0,176.09n=2,80.52n=2,78.35n=2,98.74n=2,4.86n=20,3.57n=12,4.44n=2,3.93n=2,6.62n=4,6.49n=4,6.81n=4
109,ðŸ‡¸ðŸ‡ª,Casper Johansson 133,2,2,0,0,0,175.42n=4,88.41n=4,86.00n=4,90.67n=4,5.88n=40,3.13n=24,3.53n=6,3.14n=4,6.09n=8,5.98n=8,6.10n=8
110,ðŸ‡©ðŸ‡ª,Arthur Mai,0,1,0,0,0,175.07n=1,83.27n=1,80.14n=1,95.93n=1,4.94n=10,3.29n=6,3.56n=2,3.90n=1,6.40n=2,6.45n=2,6.35n=2
111,ðŸ‡«ðŸ‡®,Makar Suntsev 86,0,3,1,0,0,174.19n=4,80.63n=4,76.19n=4,99.50n=4,4.56n=40,3.15n=24,3.90n=8,3.90n=4,6.74n=8,6.62n=8,6.59n=8
112,ðŸ‡©ðŸ‡ª,Kai Jagoda 136,0,2,0,0,0,173.62n=2,94.47n=2,85.55n=2,92.08n=2,5.51n=20,3.39n=12,3.33n=4,3.45n=2,5.96n=4,6.05n=4,6.44n=4
113,ðŸ‡¹ðŸ‡·,Burak Demirboga 65,0,2,0,0,0,172.26n=2,87.91n=2,87.83n=2,84.43n=2,6.18n=20,2.78n=12,3.14n=4,3.10n=2,5.58n=4,5.65n=4,5.95n=4
114,ðŸ‡¹ðŸ‡·,Alp Eren Ã–zkan 95,0,2,0,0,0,171.38n=2,97.84n=2,85.54n=2,86.83n=2,5.96n=20,2.78n=12,3.02n=4,3.20n=2,5.92n=4,5.72n=4,5.81n=4
115,ðŸ‡ºðŸ‡¦,Yehor Kurtsev 111,2,0,0,0,0,170.70n=2,85.31n=2,85.08n=2,86.12n=2,6.12n=20,2.87n=12,2.78n=2,3.86n=2,5.69n=4,5.62n=4,5.83n=4
116,ðŸ‡¹ðŸ‡·,Furkan Emre Incel 155,1,0,0,0,0,170.69n=1,86.33n=1,85.16n=1,85.53n=1,6.20n=10,2.90n=6,2.08n=1,3.64n=1,5.62n=2,5.71n=2,5.72n=2
117,ðŸ‡¨ðŸ‡¿,Filip Scerba 175,0,1,0,0,0,170.49n=1,97.81n=1,87.24n=1,85.25n=1,5.80n=10,3.19n=6,3.08n=2,3.90n=1,5.85n=2,5.72n=2,5.72n=2
118,ðŸ‡ºðŸ‡¦,Vadym Novikov 145,2,2,0,0,0,169.18n=4,86.86n=4,84.28n=4,86.39n=4,5.75n=40,3.14n=24,2.91n=6,3.51n=4,5.72n=8,5.73n=8,5.92n=8
119,ðŸ‡ºðŸ‡¸,Kai Kovar 166,0,1,0,0,0,167.61n=1,86.07n=1,81.14n=1,88.47n=1,5.12n=10,3.25n=6,3.54n=2,3.36n=1,5.82n=2,5.80n=2,6.02n=2
120,ðŸ‡µðŸ‡±,Jakub Lofek 87,2,1,0,0,0,167.58n=3,77.76n=3,75.61n=3,93.64n=3,4.79n=30,3.32n=18,2.90n=4,3.98n=3,6.24n=6,6.16n=6,6.21n=6
121,ðŸ‡«ðŸ‡®,Matias Lindfors 112,2,1,0,0,0,167.24n=3,73.10n=3,71.98n=3,96.26n=3,4.57n=30,2.88n=18,3.58n=4,4.25n=3,6.59n=6,6.38n=6,6.10n=6
122,ðŸ‡¹ðŸ‡·,BaÅŸar Oktar 187,0,1,0,0,0,165.84n=1,88.49n=1,80.92n=1,86.92n=1,5.88n=10,2.42n=6,2.81n=2,2.00n=1,5.90n=2,5.80n=2,6.02n=2
123,ðŸ‡°ðŸ‡µ,Ju Won Ri,0,2,0,0,0,165.58n=2,100.71n=2,85.70n=2,81.88n=2,6.43n=20,2.45n=12,2.22n=4,2.30n=2,5.42n=4,5.42n=4,5.84n=4
124,ðŸ‡­ðŸ‡°,Jarvis Ho 130,1,0,0,0,0,165.18n=1,86.22n=1,84.24n=1,80.94n=1,5.94n=10,2.92n=6,3.58n=1,3.71n=1,5.24n=2,5.44n=2,5.38n=2
125,ðŸ‡¨ðŸ‡­,AurÃ©lian Chervet 144,1,0,0,0,0,164.09n=1,80.32n=1,74.98n=1,90.11n=1,4.96n=10,2.97n=6,3.91n=1,3.71n=1,6.16n=2,5.93n=2,6.00n=2
126,ðŸ‡¸ðŸ‡®,David Sedej 96,2,1,0,0,0,163.96n=3,79.48n=3,80.04n=3,84.26n=3,5.48n=30,3.04n=18,2.99n=4,3.00n=3,5.63n=6,5.55n=6,5.74n=6
127,ðŸ‡«ðŸ‡·,Gianni Motilla 125,2,0,0,0,0,162.56n=2,85.15n=2,82.42n=2,83.14n=2,5.73n=20,3.18n=12,2.68n=2,3.36n=2,5.54n=4,5.41n=4,5.64n=4
128,ðŸ‡§ðŸ‡¬,Alexander Zlatkov 75,0,1,0,0,0,161.70n=1,86.07n=1,77.86n=1,85.84n=1,5.54n=10,2.78n=6,2.60n=2,0.50n=1,5.85n=2,5.68n=2,6.00n=2
129,ðŸ‡¸ðŸ‡ª,Jonathan Egyptson,0,1,0,0,0,161.34n=1,85.34n=1,73.17n=1,90.17n=1,4.49n=10,2.96n=6,3.62n=2,3.30n=1,6.08n=2,6.10n=2,6.20n=2
130,ðŸ‡«ðŸ‡·,Ilia Gogitidze 85,2,0,0,0,0,160.56n=2,73.01n=2,70.80n=2,91.27n=2,4.74n=20,2.70n=12,3.94n=2,3.32n=2,6.08n=4,6.12n=4,6.01n=4
131,ðŸ‡°ðŸ‡¿,Rakhat Bralin 56,0,2,0,0,0,159.70n=2,78.06n=2,76.03n=2,84.66n=2,5.24n=20,2.40n=12,3.00n=4,3.20n=2,5.60n=4,5.60n=4,5.90n=4
132,ðŸ‡¸ðŸ‡ª,Hugo Bostedt 124,2,0,0,0,0,159.66n=2,80.64n=2,77.18n=2,82.98n=2,5.47n=20,2.63n=12,3.18n=2,3.46n=2,5.52n=4,5.42n=4,5.72n=4
133,ðŸ‡§ðŸ‡ª,Denis Krouglov 125,2,0,0,0,0,159.28n=2,91.86n=2,81.06n=2,81.71n=2,5.61n=20,2.86n=12,4.12n=2,3.72n=2,5.44n=4,5.42n=4,5.51n=4
134,ðŸ‡°ðŸ‡¿,Nikita Krivosheyev 107,1,0,0,0,0,159.26n=1,76.84n=1,76.08n=1,84.18n=1,5.15n=10,2.99n=6,2.77n=1,3.93n=1,5.57n=2,5.56n=2,5.62n=2
135,ðŸ‡«ðŸ‡®,Arttu Juusola 214,2,2,0,0,0,159.09n=4,82.44n=4,81.92n=4,78.18n=4,5.63n=40,3.07n=24,2.60n=6,3.29n=4,5.23n=8,4.99n=8,5.33n=8
136,ðŸ‡°ðŸ‡·,Hyunseo Park 214,2,0,0,0,0,159.05n=2,72.88n=2,68.28n=2,91.77n=2,4.65n=20,2.41n=12,3.48n=2,3.86n=2,6.14n=4,6.15n=4,6.18n=4
137,ðŸ‡°ðŸ‡¿,Artur Smagulov 161,2,0,0,0,0,158.40n=2,84.96n=2,74.28n=2,85.62n=2,5.13n=20,2.71n=12,2.94n=2,3.75n=2,5.68n=4,5.80n=4,5.81n=4
138,ðŸ‡¬ðŸ‡§,Freddie Leggott,0,1,0,0,0,156.81n=1,78.75n=1,74.81n=1,83.00n=1,4.47n=10,3.32n=6,3.33n=2,3.50n=1,5.62n=2,5.42n=2,5.48n=2
139,ðŸ‡²ðŸ‡¾,Ze Zeng Fang 138,0,2,0,0,0,156.55n=2,79.20n=2,75.84n=2,81.71n=2,4.64n=20,3.34n=12,3.11n=4,3.15n=2,5.55n=4,5.49n=4,5.48n=4
140,ðŸ‡¦ðŸ‡º,Douglas Gerber,0,2,0,0,0,156.44n=2,86.98n=2,78.24n=2,79.20n=2,5.43n=20,2.67n=12,2.56n=4,2.75n=2,5.28n=4,5.20n=4,5.61n=4
141,ðŸ‡ªðŸ‡¸,Pablo GarcÃ­a 103,0,1,0,0,0,155.13n=1,83.41n=1,78.24n=1,77.89n=1,5.09n=10,2.93n=6,3.26n=2,3.21n=1,5.25n=2,5.04n=2,5.28n=2
142,ðŸ‡µðŸ‡­,Paolo Borromeo 180,0,1,0,0,0,154.32n=1,93.70n=1,81.76n=1,75.56n=1,5.53n=10,2.81n=6,3.32n=2,3.00n=1,5.00n=2,5.14n=2,5.20n=2
143,ðŸ‡¨ðŸ‡¦,Edward Vasii,1,0,0,0,0,153.70n=1,76.77n=1,62.72n=1,92.98n=1,3.83n=10,2.68n=6,4.68n=1,3.71n=1,6.36n=2,6.32n=2,6.30n=2
144,ðŸ‡©ðŸ‡ª,Leon Rojkov,1,0,0,0,0,153.51n=1,82.63n=1,79.74n=1,74.77n=1,5.60n=10,2.91n=6,3.35n=1,3.00n=1,4.95n=2,4.91n=2,5.22n=2
145,ðŸ‡«ðŸ‡·,Jean Medard 145,1,0,0,0,0,153.46n=1,68.72n=1,67.24n=1,86.22n=1,4.34n=10,2.88n=6,2.82n=1,3.71n=1,5.68n=2,5.68n=2,5.77n=2
146,ðŸ‡¨ðŸ‡³,Ruiyang Zhang,1,0,0,0,0,153.44n=1,86.13n=1,80.15n=1,75.29n=1,5.35n=10,3.44n=6,2.86n=1,3.14n=1,5.05n=2,4.90n=2,5.25n=2
147,ðŸ‡¬ðŸ‡§,Connor Bray,0,1,0,0,0,152.29n=1,76.81n=1,70.44n=1,82.85n=1,4.92n=10,2.28n=6,2.58n=2,2.40n=1,5.45n=2,5.38n=2,5.85n=2
148,ðŸ‡¹ðŸ‡·,Efe Ergin Dincer,1,0,0,0,0,151.97n=1,69.91n=1,71.29n=1,80.68n=1,5.30n=10,2.12n=6,2.73n=1,2.86n=1,5.23n=2,5.26n=2,5.52n=2
149,ðŸ‡°ðŸ‡·,Donghan Yu,2,0,0,0,0,151.79n=2,85.54n=2,75.56n=2,79.23n=2,5.35n=20,2.60n=12,3.51n=2,2.96n=2,5.25n=4,5.10n=4,5.53n=4
150,ðŸ‡¹ðŸ‡·,Ege Alacan,1,0,0,0,0,151.49n=1,78.72n=1,75.72n=1,77.77n=1,5.37n=10,2.69n=6,2.67n=1,3.21n=1,5.27n=2,5.14n=2,5.27n=2
151,ðŸ‡«ðŸ‡·,Landry Le May 97,0,1,0,0,0,151.40n=1,87.74n=1,73.38n=1,82.02n=1,4.59n=10,3.10n=6,3.07n=2,2.71n=1,5.62n=2,5.48n=2,6.02n=2
152,ðŸ‡§ðŸ‡¬,Deyan Mihaylov 113,2,0,0,0,0,151.32n=2,78.73n=2,72.80n=2,79.53n=2,5.25n=20,2.38n=12,2.82n=2,3.14n=2,5.33n=4,5.28n=4,5.29n=4
153,ðŸ‡ªðŸ‡¸,AndrÃ© Zapata 190,1,0,0,0,0,151.05n=1,79.40n=1,71.88n=1,80.17n=1,5.13n=10,2.58n=6,2.21n=1,2.86n=1,5.30n=2,5.32n=2,5.27n=2
154,ðŸ‡¬ðŸ‡§,Jedidiah Lincoln 192,1,0,0,0,0,149.80n=1,71.17n=1,65.01n=1,86.79n=1,4.09n=10,2.67n=6,3.91n=1,4.21n=1,5.90n=2,5.73n=2,5.66n=2
155,ðŸ‡¬ðŸ‡§,Tao Macrae 150,2,0,0,0,1,149.74n=2,80.12n=2,70.32n=2,81.92n=2,4.38n=23,2.91n=15,3.31n=3,3.54n=2,5.43n=4,5.30n=4,5.60n=4
156,ðŸ‡«ðŸ‡·,Joshua Rols,0,1,0,0,0,148.77n=1,72.49n=1,66.43n=1,82.34n=1,3.83n=10,3.10n=6,2.97n=2,3.57n=1,5.70n=2,5.50n=2,5.54n=2
157,ðŸ‡±ðŸ‡¹,Daniels Kockers,0,1,0,0,0,148.67n=1,74.14n=1,68.92n=1,81.75n=1,5.04n=10,2.00n=6,1.99n=2,2.50n=1,5.45n=2,5.32n=2,5.70n=2
158,ðŸ‡¬ðŸ‡ª,Konstantin Supatashvili 83,1,0,0,0,0,148.62n=1,79.46n=1,73.98n=1,75.64n=1,5.30n=10,2.61n=6,2.75n=1,2.57n=1,5.22n=2,4.98n=2,5.09n=2
159,ðŸ‡§ðŸ‡¬,Beat SchÃ¼mperli 139,0,1,0,0,0,147.93n=1,71.90n=1,65.77n=1,83.16n=1,4.60n=10,1.80n=6,2.94n=2,3.10n=1,5.48n=2,5.65n=2,5.65n=2
160,ðŸ‡±ðŸ‡»,Kirills Korkacs 178,2,0,0,0,0,147.40n=2,76.16n=2,71.66n=2,75.74n=2,5.05n=20,2.51n=12,2.70n=2,3.36n=2,5.05n=4,4.91n=4,5.08n=4
161,ðŸ‡®ðŸ‡±,Kirill Sheiko 159,1,0,0,0,0,145.85n=1,60.31n=1,61.95n=1,83.90n=1,3.77n=10,2.84n=6,3.77n=1,3.43n=1,5.68n=2,5.66n=2,5.70n=2
162,ðŸ‡µðŸ‡±,Oscar Oliver 173,2,0,0,0,0,145.75n=2,78.12n=2,70.04n=2,77.22n=2,5.02n=20,2.36n=12,2.55n=2,3.18n=2,5.09n=4,5.13n=4,5.21n=4
163,ðŸ‡¨ðŸ‡¿,Jakub Tykal 176,2,0,0,0,0,144.99n=2,76.62n=2,73.88n=2,71.62n=2,4.79n=20,3.40n=12,2.84n=2,2.75n=2,4.81n=4,4.57n=4,5.00n=4
164,ðŸ‡¨ðŸ‡¿,Tadeas Vaclavik 134,1,0,0,0,0,143.75n=1,78.01n=1,71.88n=1,73.87n=1,4.87n=10,2.96n=6,3.63n=1,1.79n=1,4.90n=2,4.82n=2,5.11n=2
165,ðŸ‡µðŸ‡±,Matvii Yefymenko 118,2,0,0,0,0,142.88n=2,82.24n=2,74.06n=2,69.82n=2,5.23n=20,2.72n=12,2.49n=2,2.93n=2,4.58n=4,4.45n=4,4.86n=4
166,ðŸ‡ªðŸ‡¸,Iker OyarzÃ¡bal,0,2,0,0,0,142.38n=2,73.84n=2,69.17n=2,74.20n=2,4.42n=20,2.85n=12,2.41n=4,3.05n=2,4.98n=4,4.88n=4,4.92n=4
167,ðŸ‡¬ðŸ‡§,Lucas Fitterer 192,1,0,0,0,0,142.26n=1,68.18n=1,64.13n=1,79.13n=1,4.11n=10,2.50n=6,4.40n=1,3.64n=1,5.29n=2,5.16n=2,5.38n=2
168,ðŸ‡¬ðŸ‡§,Ken Fitterer 170,0,1,0,0,0,142.19n=1,67.53n=1,63.28n=1,83.91n=1,3.78n=10,2.77n=6,2.73n=2,3.40n=1,5.60n=2,5.50n=2,5.75n=2
169,ðŸ‡¦ðŸ‡²,Mikayel Salazaryan,1,0,0,0,0,140.54n=1,90.51n=1,78.33n=1,64.21n=1,5.75n=10,2.58n=6,2.23n=1,3.14n=1,4.23n=2,4.23n=2,4.57n=2
170,ðŸ‡¹ðŸ‡·,Mehmet Cenkay Karlikli 192,2,0,0,0,0,139.70n=2,76.98n=2,67.42n=2,74.78n=2,5.04n=20,1.92n=12,2.68n=2,2.82n=2,5.05n=4,4.83n=4,5.10n=4
171,ðŸ‡­ðŸ‡°,Chiu Hei Cheung 205,0,1,0,0,0,138.04n=1,78.76n=1,66.63n=1,73.41n=1,4.49n=10,2.39n=6,2.32n=2,2.80n=1,4.95n=2,4.80n=2,4.98n=2
172,ðŸ‡±ðŸ‡»,Janis Znotins 242,2,0,0,0,0,138.04n=2,70.62n=2,68.27n=2,70.78n=2,4.62n=20,2.86n=12,2.18n=2,2.78n=2,4.74n=4,4.67n=4,4.70n=4
173,ðŸ‡­ðŸ‡º,Aleksei Vlasenko 242,2,0,0,0,0,137.75n=2,77.14n=2,69.10n=2,69.15n=2,4.91n=20,2.49n=12,2.68n=2,2.43n=2,4.62n=4,4.54n=4,4.73n=4
174,ðŸ‡¦ðŸ‡©,Raul GarcÃ­a Shibinskaya,2,0,0,0,0,136.74n=2,66.20n=2,62.61n=2,74.13n=2,4.26n=20,2.46n=12,2.02n=2,3.22n=2,4.92n=4,4.93n=4,4.92n=4
175,ðŸ‡¦ðŸ‡¹,Daniel Ruis,1,0,0,0,0,136.67n=1,66.23n=1,58.66n=1,80.01n=1,3.22n=10,3.16n=6,3.87n=1,3.57n=1,5.43n=2,5.38n=2,5.36n=2
176,ðŸ‡±ðŸ‡»,Nikolajs Krivosheja 242,1,0,0,0,0,136.55n=1,61.42n=1,60.59n=1,76.96n=1,3.86n=10,2.91n=6,1.88n=1,2.64n=1,5.09n=2,5.12n=2,5.38n=2
177,ðŸ‡©ðŸ‡ª,Soner Ã–ztÃ¼rk 242,1,0,0,0,0,136.32n=1,70.68n=1,63.39n=1,73.93n=1,4.48n=9,3.05n=6,1.90n=1,2.93n=1,4.98n=2,4.92n=2,5.04n=2
178,ðŸ‡±ðŸ‡¹,Daniel Korabelnik 222,2,2,0,0,0,136.01n=4,76.22n=4,66.88n=4,71.38n=4,4.30n=41,2.76n=24,2.26n=6,2.88n=4,4.82n=8,4.56n=8,4.93n=8
179,ðŸ‡¹ðŸ‡·,Ali Efe GÃ¼nes 121,0,1,0,0,0,135.92n=1,72.26n=1,66.82n=1,69.10n=1,4.54n=10,2.51n=6,1.92n=2,2.50n=1,4.88n=2,4.75n=2,4.88n=2
180,ðŸ‡ªðŸ‡¸,Euken Alberdi,0,1,0,0,0,135.04n=1,71.43n=1,60.04n=1,79.00n=1,3.61n=10,2.75n=6,2.05n=2,3.30n=1,5.18n=2,5.22n=2,5.35n=2
181,ðŸ‡ºðŸ‡¦,Mark Kulish 185,1,0,0,0,0,134.20n=1,77.52n=1,65.55n=1,69.65n=1,4.70n=10,2.21n=6,2.34n=1,3.00n=1,4.68n=2,4.50n=2,4.77n=2
182,ðŸ‡¸ðŸ‡°,Dmitry Rudenko 229,2,0,0,0,0,133.84n=2,70.72n=2,61.44n=2,74.41n=2,4.09n=20,2.45n=12,2.95n=2,2.89n=2,4.99n=4,4.90n=4,5.15n=4
183,ðŸ‡¿ðŸ‡¦,Cody Kock,2,0,0,0,0,133.60n=2,62.20n=2,58.54n=2,76.56n=2,3.44n=20,3.00n=12,2.36n=2,3.86n=2,5.09n=4,5.17n=4,5.12n=4
184,ðŸ‡¦ðŸ‡º,Vinceman Chong,1,0,0,0,0,133.44n=1,78.61n=1,64.13n=1,73.31n=1,4.26n=10,2.57n=6,2.56n=1,3.57n=1,5.04n=2,4.86n=2,5.18n=2
185,ðŸ‡ªðŸ‡ª,Jegor Martsenko 242,2,0,0,0,0,131.30n=2,68.80n=2,60.28n=2,73.02n=2,4.07n=20,2.49n=12,2.84n=2,1.75n=2,4.88n=4,4.80n=4,5.30n=4
186,ðŸ‡­ðŸ‡°,Chit Wang Chow 197,1,0,0,0,0,131.10n=1,72.07n=1,64.19n=1,69.91n=1,4.26n=10,2.61n=6,2.67n=1,3.29n=1,4.66n=2,4.59n=2,4.78n=2
187,ðŸ‡¦ðŸ‡¹,Tobia Oellerer 222,1,0,0,0,0,130.92n=1,58.35n=1,53.47n=1,77.45n=1,2.79n=10,3.14n=6,3.63n=1,3.14n=1,5.16n=2,5.16n=2,5.26n=2
188,ðŸ‡§ðŸ‡¬,Filip Kaimakchiev 114,0,2,0,0,0,129.82n=2,72.04n=2,60.69n=2,71.14n=2,4.47n=20,1.78n=12,1.66n=4,1.95n=2,4.94n=4,4.88n=4,4.78n=4
189,ðŸ‡§ðŸ‡¬,Yoanis Apostolu 242,1,0,0,0,0,128.95n=1,77.18n=1,69.45n=1,61.50n=1,5.20n=10,2.02n=6,2.56n=1,2.79n=1,4.23n=2,4.14n=2,4.36n=2
190,ðŸ‡¸ðŸ‡ª,Elias Sayed 164,1,0,0,0,0,128.57n=1,70.75n=1,58.76n=1,73.81n=1,3.62n=10,2.76n=6,2.97n=1,3.07n=1,5.08n=2,5.00n=2,5.12n=2
191,ðŸ‡¨ðŸ‡­,Gion Schmid,1,0,0,0,0,127.28n=1,60.53n=1,53.74n=1,74.54n=1,3.73n=10,1.73n=6,2.75n=1,3.29n=1,4.98n=2,4.78n=2,5.04n=2
192,ðŸ‡«ðŸ‡®,Jaroslav Krestyannikov 237,1,0,0,0,0,126.04n=1,62.88n=1,52.95n=1,77.09n=1,3.34n=10,2.28n=6,2.53n=1,3.29n=1,5.20n=2,5.20n=2,5.22n=2
193,ðŸ‡®ðŸ‡¹,Nikolay Di Tria,1,0,0,0,0,124.08n=1,59.62n=1,53.30n=1,70.78n=1,3.78n=9,2.25n=6,2.71n=1,3.07n=1,4.71n=2,4.77n=2,4.70n=2
194,ðŸ‡¦ðŸ‡²,Konstantin Smirnov,1,0,0,0,0,123.71n=1,66.54n=1,58.07n=1,66.64n=1,3.50n=10,2.92n=6,2.45n=1,3.14n=1,4.50n=2,4.43n=2,4.66n=2
195,ðŸ‡³ðŸ‡´,Daniil Valanov 242,1,0,0,0,0,122.32n=1,62.98n=1,54.35n=1,67.97n=1,3.86n=10,1.72n=6,2.53n=1,2.93n=1,4.60n=2,4.36n=2,4.68n=2
196,ðŸ‡©ðŸ‡°,Wendell Hansson-Ã–stergaard,1,0,0,0,1,120.15n=1,59.73n=1,54.89n=1,65.26n=1,3.46n=13,1.92n=9,1.98n=2,3.21n=1,4.62n=2,4.37n=2,4.37n=2
197,ðŸ‡ªðŸ‡¸,Daniel Rouco,1,0,0,0,0,119.68n=1,57.82n=1,51.74n=1,69.94n=1,3.22n=10,2.55n=6,1.44n=1,2.79n=1,4.68n=2,4.56n=2,4.70n=2
198,ðŸ‡­ðŸ‡º,Kolos RÃ¡c,1,0,0,0,1,118.47n=1,60.04n=1,52.70n=1,67.77n=1,2.59n=13,2.19n=9,2.71n=2,3.00n=1,4.46n=2,4.17n=2,4.45n=2
199,ðŸ‡¨ðŸ‡¿,Jan Valtera,1,0,0,0,0,118.18n=1,64.99n=1,52.92n=1,66.26n=1,3.38n=10,2.22n=6,2.41n=1,3.36n=1,4.38n=2,4.32n=2,4.54n=2
200,ðŸ‡­ðŸ‡º,Benedek PÃ¡l DÃ³zsa,1,0,0,0,0,118.10n=1,58.93n=1,50.03n=1,69.07n=1,3.56n=10,1.64n=6,2.45n=1,2.07n=1,4.70n=2,4.50n=2,4.86n=2
201,ðŸ‡·ðŸ‡´,Razvan Cionac 206,2,0,0,0,0,113.40n=2,60.58n=2,49.70n=2,66.19n=2,3.05n=21,1.95n=12,2.82n=2,3.22n=2,4.48n=4,4.33n=4,4.40n=4
202,ðŸ‡§ðŸ‡·,Lucaz Filipe Trindade Candria,2,0,0,0,0,113.00n=2,62.52n=2,57.01n=2,55.99n=2,4.18n=20,2.00n=12,1.36n=2,1.89n=2,3.76n=4,3.70n=4,3.80n=4
203,ðŸ‡µðŸ‡±,Ryszard Siudek,1,0,0,0,0,111.52n=1,66.56n=1,56.79n=1,55.73n=1,3.91n=10,2.17n=6,2.15n=1,2.50n=1,3.90n=2,3.59n=2,3.78n=2
204,ðŸ‡±ðŸ‡»,Ratmirs Bekisbajevs,1,0,0,0,0,110.73n=1,57.71n=1,49.50n=1,62.23n=1,3.33n=10,1.77n=6,2.64n=1,2.93n=1,4.18n=2,3.91n=2,4.22n=2
205,ðŸ‡®ðŸ‡¹,Edoardo Profaizer,1,0,0,0,0,108.47n=1,54.42n=1,44.20n=1,67.27n=1,2.50n=10,2.26n=6,2.49n=1,3.14n=1,4.50n=2,4.38n=2,4.64n=2
206,ðŸ‡¦ðŸ‡¹,Anton Skoficz 148,0,1,0,0,0,107.80n=1,61.23n=1,47.44n=1,65.36n=1,2.69n=10,2.50n=6,1.45n=2,2.64n=1,4.62n=2,4.28n=2,4.48n=2
207,ðŸ‡¦ðŸ‡º,James Lin,1,0,0,0,0,106.10n=1,54.95n=1,44.78n=1,64.32n=1,2.99n=10,1.67n=6,2.27n=1,2.57n=1,4.36n=2,4.26n=2,4.40n=2
208,ðŸ‡¹ðŸ‡·,Ege Ilter,1,0,0,0,0,103.98n=1,54.89n=1,43.19n=1,65.79n=1,2.52n=10,2.18n=6,2.56n=1,2.36n=1,4.42n=2,4.30n=2,4.64n=2
209,ðŸ‡¸ðŸ‡®,Ziga Jevnik,1,0,0,0,0,99.87n=1,60.23n=1,48.68n=1,52.19n=1,3.17n=10,1.95n=6,2.73n=1,2.50n=1,3.58n=2,3.52n=2,3.40n=2
210,ðŸ‡®ðŸ‡©,Rafif Herfianto Putra,1,0,0,0,0,94.52n=1,47.63n=1,40.58n=1,57.94n=1,2.04n=10,2.50n=6,1.83n=1,3.43n=1,3.93n=2,3.96n=2,3.80n=2
211,ðŸ‡®ðŸ‡©,Betrand Zeusef Zuriel 242,1,0,0,0,0,86.50n=1,44.31n=1,34.93n=1,52.57n=1,2.16n=10,1.67n=6,1.29n=1,2.00n=1,3.54n=2,3.56n=2,3.48n=2
212,ðŸ‡¹ðŸ‡­,Tharon Warasittichai,1,0,0,0,0,84.68n=1,44.87n=1,36.95n=1,48.73n=1,2.46n=10,1.47n=6,1.41n=1,2.14n=1,3.34n=2,3.18n=2,3.34n=2
213,ðŸ‡²ðŸ‡¾,Jayden Ye Hung Tin,1,0,0,0,0,80.61n=1,41.47n=1,33.84n=1,46.77n=1,2.20n=10,1.54n=6,1.11n=1,1.50n=1,3.27n=2,3.08n=2,3.16n=2
214,ðŸ‡®ðŸ‡³,Manjesh Tiwari,1,0,0,0,0,80.28n=1,46.04n=1,33.84n=1,47.44n=1,2.28n=10,1.33n=6,1.23n=1,1.86n=1,3.18n=2,2.98n=2,3.38n=2
215,ðŸ‡²ðŸ‡¾,Aiden Yin Fan Loo,1,0,0,0,0,50.69n=1,21.73n=1,13.87n=1,37.82n=1,0.99n=10,0.33n=6,0.81n=1,1.21n=1,2.72n=2,2.48n=2,2.46n=2
216,ðŸ‡²ðŸ‡¾,Fan Yu Tan,1,0,0,0,0,47.88n=1,21.21n=1,14.04n=1,35.84n=1,0.93n=10,0.40n=6,0.92n=1,1.36n=1,2.56n=2,2.41n=2,2.44n=2
